,log_fitness,n_mut,seq,mutant
1,0.9127589364741148,1,MLDMGQDRPIDGSGAPGADDTRVEVQPPAQWVLDLIEASPIASVVSDPRLADNPLIAINQAFTDLTGYSEEECVGRNCRFLAGSGTEPWLTDEIRQGVREHKPVLVEILNYKKDGTPFRNAVLVAPIYDDDDELLYFLGSQVEVDDDQPNMGMARRERAAEMLKTLSPRQLEVTTLVASGLRNKEVAARLGLSEKTVKMHRGLVMEKLNLKTSADLVRIAVEAGI,K93E
3,2.821943706639004,1,MLDMGQDRPIDGSGAPGADDTRVEVQPPAQWVLDLIEASPIASVVSDPRLADNPLIAINQAFTDLTGYSEEECVGRNCRFLAGSGTEPWLTDKIRQGVREHKPVLVEILNYKKDGTRFRNAVLVAPIYDDDDELLYFLGSQVEVDDDQPNMGMARRERAAEMLKTLSPRQLEVTTLVASGLRNKEVAARLGLSEKTVKMHRGLVMEKLNLKTSADLVRIAVEAGI,P117R
4,4.146124823272774,1,MLDMGQDRPIDGSGAPGADDTRVEVQPPAQWVLDLIEASPIASVVSDPRLADNPLIAINQAFTDLTGYSEEECVGRNRRFLAGSGTEPWLTDKIRQGVREHKPVLVEILNYKKDGTPFRNAVLVAPIYDDDDELLYFLGSQVEVDDDQPNMGMARRERAAEMLKTLSPRQLEVTTLVASGLRNKEVAARLGLSEKTVKMHRGLVMEKLNLKTSADLVRIAVEAGI,C78R
5,3.7022696876152934,1,MLDMGQDRPIDGSGAPGADDTRVEVQPPAQWVLDLIEASPIASVVSDPRLADNPLIAINQAFTDLTGYSEEECVGRNCRFLAGSGTEPWLTDKIRQGVREHKPVLVGILNYKKDGTPFRNAVLVAPIYDDDDELLYFLGSQVEVDDDQPNMGMARRERAAEMLKTLSPRQLEVTTLVASGLRNKEVAARLGLSEKTVKMHRGLVMEKLNLKTSADLVRIAVEAGI,E107G
6,2.4055975515236687,1,MLDMGQDRPIDGSGAPGADDTRVEVQPPAQWVLDLIEASPIASVVSDPRLADNPLIAINQAFTDLTGYSEEECVGRNCRFLAGSGTEPWLTDKIRQGVREHKPVLVEVLNYKKDGTPFRNAVLVAPIYDDDDELLYFLGSQVEVDDDQPNMGMARRERAAEMLKTLSPRQLEVTTLVASGLRNKEVAARLGLSEKTVKMHRGLVMEKLNLKTSADLVRIAVEAGI,I108V
7,4.356952665039017,1,MLDMGQDRPIDGSGAPGADDTRVEVQPPAQWVLDLIEASPIASVVSDPRLADNPLIAINQAFTDLTGYSEEECVGRNCRFLAGSGTEPWLTDKIRQGVREHKPVLVEILNYKKDGTPFRNAVLVAPIYDDDDELLYFLSSQVEVDDDQPNMGMARRERAAEMLKTLSPRQLEVTTLVASGLRNKEVAARLGLSEKTVKMHRGLVMEKLNLKTSADLVRIAVEAGI,G139S
8,0.38752981814435283,1,MLDMGQDRPIDGSGAPGADDTRVEVQPPAQWVLDLIEASPIASVVSDPRLADNPLIAINQAFTDLTGYSEEECVGRNCRFLAGSGTEPWLTDKIRQGVREHKPVLVEILNYKKDGTLFRNAVLVAPIYDDDDELLYFLGSQVEVDDDQPNMGMARRERAAEMLKTLSPRQLEVTTLVASGLRNKEVAARLGLSEKTVKMHRGLVMEKLNLKTSADLVRIAVEAGI,P117L
9,4.261314848599486,1,MLDMGQDRPIDGSGAPGADDTRVEVQPPAQWVLDLIEASPIASVVSDPRLADNPLIAINQAFTDLTGYSEEECVGRNCRFLAGSGTEPWLPDKIRQGVREHKPVLVEILNYKKDGTPFRNAVLVAPIYDDDDELLYFLGSQVEVDDDQPNMGMARRERAAEMLKTLSPRQLEVTTLVASGLRNKEVAARLGLSEKTVKMHRGLVMEKLNLKTSADLVRIAVEAGI,T91P
10,5.390777151213892,1,MLDMGQDRPIDGSGAPGADDTRVEVQPPAQWVLDLIEASPIASFVSDPRLADNPLIAINQAFTDLTGYSEEECVGRNCRFLAGSGTEPWLTDKIRQGVREHKPVLVEILNYKKDGTPFRNAVLVAPIYDDDDELLYFLGSQVEVDDDQPNMGMARRERAAEMLKTLSPRQLEVTTLVASGLRNKEVAARLGLSEKTVKMHRGLVMEKLNLKTSADLVRIAVEAGI,V44F
11,3.481513126556174,1,MLDMGQDRPIDGSGAPGADDTRVEVQPPAQWVLDLIEASPIASVVSDPRLADNPLIAINQAFTDLTGYSEEECVGRNCRFLAGSGTEPWLTDKIRQGVREHKPVLVEILNYKKDGTPFRNAVLLAPIYDDDDELLYFLGSQVEVDDDQPNMGMARRERAAEMLKTLSPRQLEVTTLVASGLRNKEVAARLGLSEKTVKMHRGLVMEKLNLKTSADLVRIAVEAGI,V124L
12,6.159497066665858,1,MLDMGQDRPIDGSGAPGADDTRVEVQPPAQWVLDLIEASPIASVVSDPRLADNPLIAINQAFTDLTGYSEEECVGRNCRFLAGSGTEPWPTDKIRQGVREHKPVLVEILNYKKDGTPFRNAVLVAPIYDDDDELLYFLGSQVEVDDDQPNMGMARRERAAEMLKTLSPRQLEVTTLVASGLRNKEVAARLGLSEKTVKMHRGLVMEKLNLKTSADLVRIAVEAGI,L90P
13,1.2694657393812294,1,MLDMGQDRPIDGSGAPGADDTRVEVQPPAQWVLDLIEASPIASVVSDPRLADNPLIAINQAFTDLTGYSEEECVGRNCRFLAGSGTEPWLTYKIRQGVREHKPVLVEILNYKKDGTPFRNAVLVAPIYDDDDELLYFLGSQVEVDDDQPNMGMARRERAAEMLKTLSPRQLEVTTLVASGLRNKEVAARLGLSEKTVKMHRGLVMEKLNLKTSADLVRIAVEAGI,D92Y
14,1.3175487540393478,1,MLDMGQDRPIDGSGAPGADDTRVEVQPPAQWVLDLIEASPIASVVSDPRLADNPLIAINQAFTDLTGYSEEECVGRNCRFLAGSGTEPWLTDKIRQGVREHKPVLIEILNYKKDGTPFRNAVLVAPIYDDDDELLYFLGSQVEVDDDQPNMGMARRERAAEMLKTLSPRQLEVTTLVASGLRNKEVAARLGLSEKTVKMHRGLVMEKLNLKTSADLVRIAVEAGI,V106I
15,6.444514502421418,1,MLDMGQDRPIDGSGAPGADDTRVEVQPPAQWVLDLIEASPIASVVSDPRLADNPLIAINQAFTDLTGYSEEECVGRNCRFLAGSGTAPWLTDKIRQGVREHKPVLVEILNYKKDGTPFRNAVLVAPIYDDDDELLYFLGSQVEVDDDQPNMGMARRERAAEMLKTLSPRQLEVTTLVASGLRNKEVAARLGLSEKTVKMHRGLVMEKLNLKTSADLVRIAVEAGI,E87A
16,3.3106926740722895,1,MLDMGQDRPIDGSGAPGADDTRVEVQPPAQWVLDLIEASPIASVVSDPRLADNPLIAINQAFTDLTGYSEEECVGRNCRFLAGSGAEPWLTDKIRQGVREHKPVLVEILNYKKDGTPFRNAVLVAPIYDDDDELLYFLGSQVEVDDDQPNMGMARRERAAEMLKTLSPRQLEVTTLVASGLRNKEVAARLGLSEKTVKMHRGLVMEKLNLKTSADLVRIAVEAGI,T86A
17,2.2408219371535973,1,MLDMGQDRPIDGSGAPGADDTRVEVQPPAQWVLDLIEASPIASVVSDPRLADNPLIAINQAFTDLTGYSEEECVGRNCRFLAGSGTEPWLTDKIRQGVREHKPVLVEILNHKKDGTPFRNAVLVAPIYDDDDELLYFLGSQVEVDDDQPNMGMARRERAAEMLKTLSPRQLEVTTLVASGLRNKEVAARLGLSEKTVKMHRGLVMEKLNLKTSADLVRIAVEAGI,Y111H
18,7.28509514609728,1,MLDMGQDRPIDGSGAPGADDTRVEVQPPAQWVLDLIEASPIASVVSDPRLADNPLIAINQAFTDLTGYSEEECVGRNCRFLAGSGTEPWLTDKIRQGVREHKPVLVEILDYKKDGTPFRNAVLVAPIYDDDDELLYFLGSQVEVDDDQPNMGMARRERAAEMLKTLSPRQLEVTTLVASGLRNKEVAARLGLSEKTVKMHRGLVMEKLNLKTSADLVRIAVEAGI,N110D
19,3.037117396793511,1,MLDMGQDRPIDGSGAPGADDTRVEVQPPAQWVLDLIEASPIASVVSDPRLADNPLIAINQAFTDLTGYSEEECVGRNCRFLARSGTEPWLTDKIRQGVREHKPVLVEILNYKKDGTPFRNAVLVAPIYDDDDELLYFLGSQVEVDDDQPNMGMARRERAAEMLKTLSPRQLEVTTLVASGLRNKEVAARLGLSEKTVKMHRGLVMEKLNLKTSADLVRIAVEAGI,G83R
20,4.996980134980906,1,MLDMGQDRPIDGSGAPGADDTRVEVQPPAQWVLDLIEASPIASVVSDPRLADNPLIAINQAFTDLTGYSEEECVGRNCRFLAGSGTEPWLTDKIRQGVREHKPVLFEILNYKKDGTPFRNAVLVAPIYDDDDELLYFLGSQVEVDDDQPNMGMARRERAAEMLKTLSPRQLEVTTLVASGLRNKEVAARLGLSEKTVKMHRGLVMEKLNLKTSADLVRIAVEAGI,V106F
21,-0.9176903812513877,1,MLDMGQDRPIDGSGAPGADDTRVEVQPPAQWVLDLIEASPIASVVSDPRLADNPLIAINQAFTDLTGYSEEECVGRNCRFLAGSGTEPWLTDKIRQGVREHKPVLVEILNYKKDGTPFRNAVLVAPIYDDDDELLYFLGSQVEVDDDQPNMGMARRERAAEMLKTLSPRQLEVTTLVASGLRNKEVAARLGLSEKTVKMHRGLLMEKLNLKTSADLVRIAVEAGI,V204L
23,0.27695220646401647,1,MLDMGQDRPIDGSGAPGADDTRVEVQPPAQWVLDLIEASPIASVVSDPRLADNPLIAINQAFTDLTGYSEEECVGRNCRFLAGSGTEPWLTDKIRQGVREHEPVLVEILNYKKDGTPFRNAVLVAPIYDDDDELLYFLGSQVEVDDDQPNMGMARRERAAEMLKTLSPRQLEVTTLVASGLRNKEVAARLGLSEKTVKMHRGLVMEKLNLKTSADLVRIAVEAGI,K102E
24,0.9432412844436416,1,MLDMGQDRPIDGSGAPGADDTRVEVQPPAQWVLYLIEASPIASVVSDPRLADNPLIAINQAFTDLTGYSEEECVGRNCRFLAGSGTEPWLTDKIRQGVREHKPVLVEILNYKKDGTPFRNAVLVAPIYDDDDELLYFLGSQVEVDDDQPNMGMARRERAAEMLKTLSPRQLEVTTLVASGLRNKEVAARLGLSEKTVKMHRGLVMEKLNLKTSADLVRIAVEAGI,D34Y
25,0.4670430944455804,1,MLDMGQDRPIDGSGAPGADDTRVEVQPPAQWVLDLIEASPIASVVSDPRLADNPLIAINQAFTDLTGYSEEECVGRNCRFLAGSGTEPWLTDKIRQGVREHKPVLVEILNYKKDGTPFRNAVLVAPIYDDDDELLYFLGSQLEVDDDQPNMGMARRERAAEMLKTLSPRQLEVTTLVASGLRNKEVAARLGLSEKTVKMHRGLVMEKLNLKTSADLVRIAVEAGI,V142L
26,1.4346308849556786,1,MLDMGQDRPIDGSGAPGADDTRVEVQPPAQWVLDLIEASPIASVVSDPRLADNPLIAINQAFTDLTGYSEEECVGRNCRFLAGSGTEPWLTDKIRQGVREHKPVLVEILNYKKDGTPFRNAVLVAPIYDDDDELLYFLGSQVEVDDDQPNMGMARRERAAEMLKTLSSRQLEVTTLVASGLRNKEVAARLGLSEKTVKMHRGLVMEKLNLKTSADLVRIAVEAGI,P168S
28,2.2702979509853307,1,MLDMGQDRPIDGSGAPGADDTRVEVQPPAQWVLDLIEASPIASVVSDPRLADNPLIAINQAFTDLTGYSEEECVGRNCRFLAGSGTEPWLTDKIRQGVREHKPVLVEILNYKKDGTPFRNAVLVAPIYDDDDELLYFLGSQVEVDDDQPNMGMARRERAVEMLKTLSPRQLEVTTLVASGLRNKEVAARLGLSEKTVKMHRGLVMEKLNLKTSADLVRIAVEAGI,A160V
29,5.102836639286189,1,MLDMGQDRPIDGSGAPGADDTRVEVQPPAQWVLDLIEALPIASVVSDPRLADNPLIAINQAFTDLTGYSEEECVGRNCRFLAGSGTEPWLTDKIRQGVREHKPVLVEILNYKKDGTPFRNAVLVAPIYDDDDELLYFLGSQVEVDDDQPNMGMARRERAAEMLKTLSPRQLEVTTLVASGLRNKEVAARLGLSEKTVKMHRGLVMEKLNLKTSADLVRIAVEAGI,S39L
30,1.8128241213208904,1,MLDMGQDRPIDGSGAPGADDTRVEVQPPAQWVLDLIEASPIASVVSDPRLADNPLIAINQAFTDLTGYSEEECVGRNCRFLAGSGTEPWLTDKIRQCVREHKPVLVEILNYKKDGTPFRNAVLVAPIYDDDDELLYFLGSQVEVDDDQPNMGMARRERAAEMLKTLSPRQLEVTTLVASGLRNKEVAARLGLSEKTVKMHRGLVMEKLNLKTSADLVRIAVEAGI,G97C
31,4.956006308472384,1,MLDMGQDRPIDGSGAPGADDTRVEVQPPAQWVLDLIEASPIASVVSDPRLADNPLIAINQAFTDLTGYSEEECVGRNCRFLAGSGTEPWLTDKIRQGVREHKPVLVEILNYKKDGTPFRNAVLVAPIYDDDDELLYFLGNQVEVDDDQPNMGMARRERAAEMLKTLSPRQLEVTTLVASGLRNKEVAARLGLSEKTVKMHRGLVMEKLNLKTSADLVRIAVEAGI,S140N
32,2.494629032641415,1,MLDMGQDRPIDGSGAPGADDTRVEVQPPAQWVLDLIEASPIASVVSDPRLADNPLIAINQAFTDLTGYSEEECVGRNCRFLAESGTEPWLTDKIRQGVREHKPVLVEILNYKKDGTPFRNAVLVAPIYDDDDELLYFLGSQVEVDDDQPNMGMARRERAAEMLKTLSPRQLEVTTLVASGLRNKEVAARLGLSEKTVKMHRGLVMEKLNLKTSADLVRIAVEAGI,G83E
33,1.2694657393812192,1,MLDMGQDRPIDGSGAPGADDTRVEVQPPAQWVLDLIEASPIASVVSDPRLADNPLIAINQAFTDLTGYSEEECVGRNCRFLAGSGTEPWLTYKIRQGVREHKPVLVEILNYKKDGTPFRNAVLVAPIYDDDDELLYFLGSQVEVDDDQPNMGMARRERAAEMLKTLSPRQLEVTTLVASGLRNKEVAARLGLSEKTVKMHRGLVMEKLNLKTSADLVRIAVEAGI,D92Y
35,2.8562309290909833,1,MLDMGQDRPIDGSGAPGADDTRVEVQPPAQWVLDLIEASPIASVVSDPRLADNPLIAINQAFTDLTGYSEEECVGRNCRFLAGSGSEPWLTDKIRQGVREHKPVLVEILNYKKDGTPFRNAVLVAPIYDDDDELLYFLGSQVEVDDDQPNMGMARRERAAEMLKTLSPRQLEVTTLVASGLRNKEVAARLGLSEKTVKMHRGLVMEKLNLKTSADLVRIAVEAGI,T86S
36,5.86945314401724,1,MLDMGQDRPIDGSGAPGADDTRVEVQPPAQWVLDLIEASPIASVVSDPRLADNPLIAINQAFTDLTGYSEEECVGRNCRFLAGSGTKPWLTDKIRQGVREHKPVLVEILNYKKDGTPFRNAVLVAPIYDDDDELLYFLGSQVEVDDDQPNMGMARRERAAEMLKTLSPRQLEVTTLVASGLRNKEVAARLGLSEKTVKMHRGLVMEKLNLKTSADLVRIAVEAGI,E87K
37,2.1220860789593163,1,MLDMGQDRPIDGSGAPGADDTRVEVQPPAQWVLDLIEASPIASVVSDPRLADNPLIAINQAFTDLTGYSEEECVGRNCRFLAGSGTDPWLTDKIRQGVREHKPVLVEILNYKKDGTPFRNAVLVAPIYDDDDELLYFLGSQVEVDDDQPNMGMARRERAAEMLKTLSPRQLEVTTLVASGLRNKEVAARLGLSEKTVKMHRGLVMEKLNLKTSADLVRIAVEAGI,E87D
38,2.6530326888967557,1,MLDMGQDRPIDGSGAPGADDTRVEVQPPAQWVLDLIEASPIASVVSDPRLADNPLIAINQAFTDLTGYSEEECVGRNCRFLAGSVTEPWLTDKIRQGVREHKPVLVEILNYKKDGTPFRNAVLVAPIYDDDDELLYFLGSQVEVDDDQPNMGMARRERAAEMLKTLSPRQLEVTTLVASGLRNKEVAARLGLSEKTVKMHRGLVMEKLNLKTSADLVRIAVEAGI,G85V
39,2.1323937811508276,1,MLDMGQDRPIDGSGAPGADDTRVEVQPPAQWVLDLIEASPIASVVSDPRLADNPLIAINQAFTDLTGYSEEECVGRNCRFLAGSGTEPWITDKIRQGVREHKPVLVEILNYKKDGTPFRNAVLVAPIYDDDDELLYFLGSQVEVDDDQPNMGMARRERAAEMLKTLSPRQLEVTTLVASGLRNKEVAARLGLSEKTVKMHRGLVMEKLNLKTSADLVRIAVEAGI,L90I
